{
    "737": {
        "name":"737",
        "gamepass": false,
        "manufacturer": "Boeing",
        "category":"Airliners",
        "img":null
    },
    "747": {
        "name":"747",
        "gamepass": false,
        "manufacturer": "Boeing",
        "category":"Airliners",
        "img":null
    },
    "757": {
        "name":"757",
        "gamepass": false,
        "manufacturer": "Boeing",
        "category":"Airliners",
        "img":null
    },
    "767": {
        "name":"767",
        "gamepass": false,
        "manufacturer": "Boeing",
        "category":"Airliners",
        "img":null
    },
    "777": {
        "name":"777",
        "gamepass": false,
        "manufacturer": "Boeing",
        "category":"Airliners",
        "img":null
    },
    "787": {
        "name":"787",
        "gamepass": false,
        "manufacturer": "Boeing",
        "category":"Airliners",
        "img":null
    },
    "A220": {
        "name":"A220",
        "gamepass": false,
        "manufacturer": "Airbus",
        "category":"Airliners",
        "img":null
    },
    "A320": {
        "name":"A320",
        "gamepass": false,
        "manufacturer": "Airbus",
        "category":"Airliners",
        "img":null
    },
    "A330": {
        "name":"A330",
        "gamepass": false,
        "manufacturer": "Airbus",
        "category":"Airliners",
        "img":null
    },
    "A340": {
        "name":"A340",
        "gamepass": false,
        "manufacturer": "Airbus",
        "category":"Airliners",
        "img":null
    },
    "A350": {
        "name":"A350",
        "gamepass": false,
        "manufacturer": "Airbus",
        "category":"Airliners",
        "img":null
    },
    "A380": {
        "name":"A380",
        "gamepass": true,
        "manufacturer": "Airbus",
        "category":"Airliners",
        "img":null
    },
    "concorde": {
        "name":"Concorde",
        "gamepass": false,
        "manufacturer": "",
        "category":"Airliners",
        "img":null
    },
    "CRJ700": {
        "name":"CRJ700",
        "gamepass": false,
        "manufacturer": "Bombardier",
        "category":"Airliners",
        "img":null
    },
    "Q400": {
        "name":"Q400",
        "gamepass": false,
        "manufacturer": "Bombardier",
        "category":"Airliners",
        "img":null
    },
    "MD-11": {
        "name":"MD-11",
        "gamepass": false,
        "manufacturer": "McDonnell Douglas",
        "category":"Airliners",
        "img":null
    },
    "MD-90": {
        "name":"MD-90",
        "gamepass": false,
        "manufacturer": "McDonnell Douglas",
        "category":"Airliners",
        "img":null
    },
    "Beluga": {
        "name":"Beluga",
        "gamepass": false,
        "manufacturer": "Airbus",
        "category":"Cargo",
        "img":null
    },
    "Dreamlifter": {
        "name":"DreamLifter",
        "gamepass": false,
        "manufacturer": "Boeing",
        "category":"Cargo",
        "img":null
    },
    "747c": {
        "name":"747 cargo",
        "gamepass": false,
        "manufacturer": "Boeing",
        "category":"Cargo",
        "img":null
    },
    "757c": {
        "name":"757 cargo",
        "gamepass": false,
        "manufacturer": "Boeing",
        "category":"Cargo",
        "img":null
    },
    "767c": {
        "name":"767 cargo",
        "gamepass": false,
        "manufacturer": "Boeing",
        "category":"Cargo",
        "img":null
    },
    "777c": {
        "name":"777 cargo",
        "gamepass": false,
        "manufacturer": "Boeing",
        "category":"Cargo",
        "img":null
    },
    "MD-11c": {
        "name":"MD-11 cargo",
        "gamepass": false,
        "manufacturer": "McDonnell Douglas",
        "category":"Cargo",
        "img":null
    },
    "DHC-6 Twin Otter": {
        "name":"DHC-6 Twin Otter",
        "gamepass": false,
        "manufacturer": "de Havilland Canada",
        "category":"Light Aircraft",
        "img":null
    },
    "Learjet": {
        "name":"Learjet",
        "gamepass": false,
        "manufacturer": "Bombardier",
        "category":"Light Aircraft",
        "img":null
    },
    "Extra 300s": {
        "name":"Extra 300s",
        "gamepass": false,
        "manufacturer": "",
        "category":"Light Aircraft",
        "img":null
    },
    "PA-28": {
        "name":"PA-28",
        "gamepass": false,
        "manufacturer": "Piper",
        "category":"Light Aircraft",
        "img":null
    },
    "Cub": {
        "name":"Cub",
        "gamepass": false,
        "manufacturer": "Piper",
        "category":"Light Aircraft",
        "img":null
    },
    "172": {
        "name":"172",
        "gamepass": false,
        "manufacturer": "Cessna",
        "category":"Light Aircraft",
        "img":null
    },
    "182": {
        "name":"182",
        "gamepass": false,
        "manufacturer": "Cessna",
        "category":"Light Aircraft",
        "img":null
    },
    "Caravan": {
        "name":"Caravan",
        "gamepass": false,
        "manufacturer": "Cessna",
        "category":"Light Aircraft",
        "img":null
    },
    "Caravan Skydiving": {
        "name":"Caravan Skydiving",
        "gamepass": false,
        "manufacturer": "Cessna",
        "category":"Light Aircraft",
        "img":null
    },
    "WBplane": {
        "name":"Plane",
        "gamepass": false,
        "manufacturer": "Wright Brothers",
        "category":"Light Aircraft",
        "img":null
    },
    "Vision SF50": {
        "name":"Vision SF50",
        "gamepass": false,
        "manufacturer": "Cirrus",
        "category":"Light Aircraft",
        "img":null
    },
    "F-14 Tomcat": {
        "name":"F-14 Tomcat",
        "gamepass": false,
        "manufacturer": "",
        "category":"Modern Military",
        "img":null
    },
    "F-15E Strike Eagle": {
        "name":"F-15E Strike Eagle",
        "gamepass": false,
        "manufacturer": "",
        "category":"Modern Military",
        "img":null
    },
    "F-16 Fighting Falcon": {
        "name":"F-16 Fighting Falcon",
        "gamepass": false,
        "manufacturer": "",
        "category":"Modern Military",
        "img":null
    },
    "F/A-18 Super Hornet": {
        "name":"F/A-18 Super Hornet",
        "gamepass": false,
        "manufacturer": "",
        "category":"Modern Military",
        "img":null
    },
    "F-22 Raptor": {
        "name":"F-22 Raptor",
        "gamepass": false,
        "manufacturer": "",
        "category":"Modern Military",
        "img":null
    },
    "F-35B": {
        "name":"F-35B",
        "gamepass": false,
        "manufacturer": "",
        "category":"Modern Military",
        "img":null
    },
    "A-10 Warthog": {
        "name":"A-10 Warthog",
        "gamepass": false,
        "manufacturer": "",
        "category":"Modern Military",
        "img":null
    },
    "B-2 Spirit": {
        "name":"B-2 Spirit",
        "gamepass": false,
        "manufacturer": "",
        "category":"Modern Military",
        "img":null
    },
    "Typhoon": {
        "name":"Typhoon",
        "gamepass": false,
        "manufacturer": "Eurofighter",
        "category":"Modern Military",
        "img":null
    },
    "T-1": {
        "name":"T-1",
        "gamepass": false,
        "manufacturer": "Hawk",
        "category":"Modern Military",
        "img":null
    },
    "Su-27": {
        "name":"Su-27",
        "gamepass": false,
        "manufacturer": "Sukhoi",
        "category":"Modern Military",
        "img":null
    },
    "P-51 Mustang": {
        "name":"P-51 Mustang",
        "gamepass": false,
        "manufacturer": "",
        "category":"Old Military",
        "img":null
    },
    "Hurricane": {
        "name":"Hurricane",
        "gamepass": false,
        "manufacturer": "",
        "category":"Old Military",
        "img":null
    },
    "F4U Corsair": {
        "name":"F4U Corsair",
        "gamepass": false,
        "manufacturer": "",
        "category":"Old Military",
        "img":null
    },
    "A6M Zero": {
        "name":"A6M Zero",
        "gamepass": false,
        "manufacturer": "",
        "category":"Old Military",
        "img":null
    },
    "Dr1": {
        "name":"Dr1",
        "gamepass": false,
        "manufacturer": "Fokker",
        "category":"Old Military",
        "img":null
    },
    "Mig-15": {
        "name":"Mig-15",
        "gamepass": false,
        "manufacturer": "",
        "category":"Old Military",
        "img":null
    },
    "P38 Lightning": {
        "name":"P38 Lightning",
        "gamepass": false,
        "manufacturer": "",
        "category":"Old Military",
        "img":null
    },
    "B29": {
        "name":"B29",
        "gamepass": false,
        "manufacturer": "",
        "category":"Old Military",
        "img":null
    },
    "Vulcan": {
        "name":"Vulcan",
        "gamepass": false,
        "manufacturer": "Avro",
        "category":"Old Military",
        "img":null
    },
    "Harrier": {
        "name":"Harrier",
        "gamepass": false,
        "manufacturer": "Hawker",
        "category":"Old Military",
        "img":null
    },
    "F-4 Phantom": {
        "name":"F-4 Phantom",
        "gamepass": false,
        "manufacturer": "",
        "category":"Old Military",
        "img":null
    },
    "C-130 Hercules": {
        "name":"C-130 Hercules",
        "gamepass": false,
        "manufacturer": "",
        "category":"Old Military",
        "img":null
    },
    "Lightning": {
        "name":"Lightning",
        "gamepass": false,
        "manufacturer": "English Electric",
        "category":"Old Military",
        "img":null
    },
    "SR-71 Blackbird": {
        "name":"Sr-71 Blackbird",
        "gamepass": false,
        "manufacturer": "",
        "category":"Old Military",
        "img":null
    },
    "DHC-6 Twin OtterA": {
        "name":"DHC-6 Twin Otter Amphibious",
        "gamepass": true,
        "manufacturer": "de Havilland Canada",
        "category":"Amphibious",
        "img":null
    },
    "CaravanA": {
        "name":"Caravan Amphibious",
        "gamepass": true,
        "manufacturer": "Cessna",
        "category":"Amphibious",
        "img":null
    },
    "172A": {
        "name":"172 Amphibious",
        "gamepass": true,
        "manufacturer": "Cessna",
        "category":"Amphibious",
        "img":null
    },
    "182A": {
        "name":"182 Amphibious",
        "gamepass": true,
        "manufacturer": "Cessna",
        "category":"Amphibious",
        "img":null
    },
    "CubA": {
        "name":"Cub Amphibious",
        "gamepass": true,
        "manufacturer": "Piper",
        "category":"Amphibious",
        "img":null
    },
    "412": {
        "name":"412",
        "gamepass": false,
        "manufacturer": "Bell",
        "category":"Helicopters",
        "img":null
    },
    "Chinook": {
        "name":"Chinook",
        "gamepass": false,
        "manufacturer": "Boeing",
        "category":"Helicopters",
        "img":null
    },
    "UH-60 Black Hawk": {
        "name":"UH-60 Black Hawk",
        "gamepass": false,
        "manufacturer": "Sikorsky Aircraft",
        "category":"Helicopters",
        "img":null
    },
    "H135": {
        "name":"H135",
        "gamepass": false,
        "manufacturer": "Airbus",
        "category":"Helicopters",
        "img":null
    },
    "Paratrike": {
        "name":"Paratrike",
        "gamepass": false,
        "manufacturer": "",
        "category":"Misc",
        "img":null
    },
    "Walrus": {
        "name":"Walrus",
        "gamepass": true,
        "manufacturer": "",
        "category":"Misc",
        "img":null
    },
    "Blimp": {
        "name":"Blimp",
        "gamepass": true,
        "manufacturer": "",
        "category":"Misc",
        "img":null
    },
    "Hot Air Balloon": {
        "name":"Hot Air Balloon",
        "gamepass": true,
        "manufacturer": "",
        "category":"Misc",
        "img":null
    },
    "Santa's Sled": {
        "name":"Santa's Sled",
        "gamepass": true,
        "manufacturer": "",
        "category":"Misc",
        "img":null
    },
    "UFO": {
        "name":"Military UFO",
        "gamepass": false,
        "manufacturer": "",
        "category":"Misc",
        "img":null
    },
    "Derek's Creation": {
        "name":"Derek's Creation",
        "gamepass": false,
        "manufacturer": "",
        "category":"Misc",
        "img":null
    },
    "Caravan Blimp": {
        "name":"Caravan Blimp",
        "gamepass": true,
        "manufacturer": "",
        "category":"Misc",
        "img":null
    },
    "Goodwan Blimp": {
        "name":"Goodwan Blimp",
        "gamepass": true,
        "manufacturer": "",
        "category":"Misc",
        "img":null
    }
}